Title,Release Date,Overview,Popularity,Vote Average,Vote Count,Keywords,Runtime,Cast,Director,Editor,Poster URL
A Minecraft Movie,2025-03-31,"Four misfits find themselves struggling with ordinary problems when they are suddenly pulled through a mysterious portal into the Overworld: a bizarre, cubic wonderland that thrives on imagination. To get back home, they'll have to master this world while embarking on a magical quest with an unexpected, expert crafter, Steve.",705.6832,6.421,1067,"friendship, surrealism, exploration, portal, miner, friends, survival, zombie, blunt, based on video game, aftercreditsstinger, duringcreditsstinger, journey, frantic, live action and animation, imagination, teamwork, fantasy, building",101,"Jason Momoa, Jack Black, Sebastian Eugene Hansen, Emma Myers, Danielle Brooks, Jennifer Coolidge, Rachel House, Allan Henry, Bram Scott-Breheny, Moana Williams, Jemaine Clement, Mark Wright, Yvette Parsons, Hiram Garcia, Bret McKenzie, Jared Hess, Batanai Mashingaidze, Amanda Billing, Tommy Broadmore, Frankie Creagh-Leslie, Alison Quigan, John Smythe, Alex Tunui, Craig Mckinney, Joel Rindelaub, Antony Degreat, Victor Kazaroho, Ben Carpenter, Rowan Bacal, Brennan Standing, Dylan Chitekwe, Matt Berry, Alice May Connolly, Jens Bergensten, Oliver Brotherhood, Daniel Middleton, Elizabeth Batty, Jessica Bravura, Kate McKinnon",Jared Hess,James Thomas,https://image.tmdb.org/t/p/original//yFHHfHcUgGAxziP1C3lLt0q2T4s.jpg
Warfare,2025-04-09,"A platoon of Navy SEALs embarks on a dangerous mission in Ramadi, Iraq, with the chaos and brotherhood of war retold through their memories of the event.",414.098,7.143,297,"u.s. navy seal, docudrama, iraq war, platoon, real time, 2000s",95,"D'Pharaoh Woon-A-Tai, Will Poulter, Cosmo Jarvis, Kit Connor, Finn Bennett, Taylor John Smith, Michael Gandolfini, Adain Bradley, Noah Centineo, Evan Holtzman, Henry Zaga, Joseph Quinn, Charles Melton, Aaron Mackenzie, Alex Brockdorff, Joe Macaulay, Laurie Duncan, Jake Lampert, Aaron Deakins, Tom Dunne, Rayhan Ali, Heider Ali, Sima Pollitt, Nathan Altai, Aso Sherabayani, Amira Dutton, Donya Hussen, Inbal Amram, John Adkins, Alexander Angelikis, Marton Virag","Ray Mendoza, Alex Garland",Fin Oates,https://image.tmdb.org/t/p/original//srj9rYrjefyWqkLc6l2xjTGeBGO.jpg
Tin Soldier,2025-05-22,"An ex-special forces operative seeks revenge against a cult leader who has corrupted his former comrades, the Shinjas. This leader, known as The Bokushi, promises veterans a purpose and protection, but is revealed to be a destructive influence. The ex-soldier, Nash Cavanaugh, joins forces with military operative Emmanuel Ashburn to infiltrate the Bokushi's fortress and expose his reign of terror",377.063,5.688,8,,87,"Scott Eastwood, Robert De Niro, Jamie Foxx, John Leguizamo, Nora Arnezeder, Shamier Anderson, Yul Vazquez, Rita Ora, Saïd Taghmaoui, Eire Farrell, Alexa Feinstein, Xen Sams, Laurence Mason, Joey Bicicchi, Christian George, Melanie Benz, Julanne Chidi Hill, Allegra Leguizamo, América Valdés, Fahim Fazli, Kiilo Sanfoger Joreo",Brad Furman,Jarrett Fijal,https://image.tmdb.org/t/p/original//lFFDrFLXywFhy6khHes1LCFVMsL.jpg
Snow White,2025-03-12,"Following the benevolent King's disappearance, the Evil Queen dominated the once fair land with a cruel streak. Princess Snow White flees the castle when the Queen, in her jealousy over Snow White's inner beauty, tries to kill her. Deep into the dark woods, she stumbles upon seven magical dwarves and a young bandit named Jonathan. Together, they strive to survive the Queen's relentless pursuit and aspire to take back the kingdom.",328.7418,4.3,762,"princess, dwarf, fairy tale, poison, musical, apple, based on movie, evil queen, based on fairy tale, live action remake, clinical, fantasy, romantic fantasy",109,"Rachel Zegler, Gal Gadot, Andrew Burnap, Jeremy Swift, Jason Kravits, Martin Klebba, George Salazar, Tituss Burgess, Andy Grotelueschen, Andrew Barth Feldman, Ansu Kabia, Patrick Page, Emilia Faucher, Hadley Fraser, Lorena Andrea, George Appleby, Colin Michael Carmichael, Samuel Baxter, Jimmy Johnston, Dujonna Gift-Simms, Idriss Kargbo, Jaih Betote, Freya Mitchell, Zoë Athena, Dean Nolan, Jonathan Bourne, Luisa Guerreiro, Adrian Bower, Felipe Bejarano, Simeon Oakes, Joshmaine Joseph, Chike Chan, Daniel Boyarsky, Leo Cropley, Kieron Bell, Vivienne Rowe, Alejandro De Mesa, Victoria Alsina, John Hyatt, Anna Sylvester, Olivia Verrall, Kathryn Akin, Lukus Alexander, Misa Koide, Leon Ung, Katie Hardwick, Eddison Burch, Noah Prempeh",Marc Webb,"Mark Sanger, Sarah Broshar",https://image.tmdb.org/t/p/original//oLxWocqheC8XbXbxqJ3x422j9PW.jpg
Last Bullet,2025-05-06,Car genius Lino returns to conclude his vendetta against Areski and the corrupt commander who ruined their lives in this turbo-charged trilogy finale.,269.9192,6.738,101,,111,"Alban Lenoir, Stéfi Celma, Nicolas Duvauchelle, Gérard Lanvin, Pascale Arbillot, Julie Tedesco, Anne Serra, Ramzy Bedia, Charles Morillon, Sébastien Lalanne, Diego Martín, Quentin D'Hainaut, Julie Engelbrecht, Jochen Hägele, Damien Leconte, Christèle Tual, Joël Ravon, Sarah Labhar, Arnaud Charrin, Stephen Scardicchio, Arnau Gol-Karsunke, Alex Martin, Thibault Maunoury",Guillaume Pierret,,https://image.tmdb.org/t/p/original//qycPITRqXgPai7zj1gKffjCdSB5.jpg
A Working Man,2025-03-26,"Levon Cade left behind a decorated military career in the black ops to live a simple life working construction. But when his boss's daughter, who is like family to him, is taken by human traffickers, his search to bring her home uncovers a world of corruption far greater than he ever could have imagined.",311.0615,6.522,670,"based on novel or book, kidnapping, vigilante, missing person, black ops, construction worker, grand, criminal conspiracy",116,"Jason Statham, Jason Flemyng, Merab Ninidze, Maximilian Osinski, Cokey Falkow, Michael Peña, David Harbour, Noemi Gonzalez, Arianna Rivas, Isla Gie, Emmett Scanlan, Eve Mauro, Kristina Poli, Andrej Kaminsky, Greg Kolpakchi, Piotr Witkowski, Chidi Ajufo, Ricky Champ, Max Croes, Kenneth Collard, Richard Heap, Joanna DeLane, Muki Zubis, Alexander Bracq, David Witts, Wayne Gordon, Daniel Lundh, Jose Conejo Martin, Eddie J. Fernandez, Jade Coatsworth, Alana Boden, Leah Walker, Priyasasha Kumari, Jonathan Nyati, Kya Brame, C.C. DeNeira, Sophie-Louise Craig, Neil Bishop, Tom Vaughan, Andrea Vasiliou, Andrew John Nolan, Seán Gannon, Patrick Franklin, Darren Morrissey, Benjamin Gunnery, Prince Marfo, Judy Matheson, Nilesh Hindocha, Eli Sowden-Mehta, Benjamin Schnau",David Ayer,Fred Raskin,https://image.tmdb.org/t/p/original//6FRFIogh3zFnVWn7Z6zcYnIbRcX.jpg
Brave Citizen,2023-10-25,"An expelled boxing champion, who now is a high-school teacher, witnesses intolerable violence and throws her first punch to build justice against it, while putting on a mask.",238.9575,7.1,36,"secret identity, female fighter, female teacher, anti-bullying, female superhero, based on webcomic or webtoon, south korean",112,"Shin Hye-sun, Lee Jun-young, Park Jung-woo, Park Hyuk-kwon, Cha Chung-hwa, Lee Chan-hyeong, Bae Hyeon-jun, Cha Woo-min, Kim Sang-woo, Lee Tae-hee, Lee Tae-gyun, Kang Anna, Kang Na-ru, Son Sook, Lee Gyu-hoe, Lee Jung-ok, Dong Hyo-hee, Nam Jeong-woo, Kim Gyeong-ryong, Lee Do-eun, Choi Ri-ho",Park Jin-pyo,"Kim Woo-hyun, Kim Hyeon-seo",https://image.tmdb.org/t/p/original//6Ea5i6APeTfm4hHh6dg5Z733JVS.jpg
Thunderbolts*,2025-04-30,"After finding themselves ensnared in a death trap, seven disillusioned castoffs must embark on a dangerous mission that will force them to confront the darkest corners of their pasts.",255.418,7.499,839,"new york city, villain, based on comic, mental health, aftercreditsstinger, duringcreditsstinger, marvel cinematic universe (mcu), congressman, reflective, father daughter relationship, impeachment, survivor's guilt, inspirational, antihero, ragtag, band of misfits, hilarious, bold",127,"Florence Pugh, Sebastian Stan, Julia Louis-Dreyfus, Lewis Pullman, David Harbour, Wyatt Russell, Hannah John-Kamen, Olga Kurylenko, Geraldine Viswanathan, Wendell Pierce, Chris Bauer, Violet McGraw, Alexa Swinton, Eric Lange, Chiara Stella, Stefano Carannante, Gianfranco Terrin, Georgui Kasaev, Charlotte Ann Tucker, Gabrielle Byndloss, Regina Ting Chen, Mallory Hoff, Jennifer Chung, Julia Aku, Clayton Cooper, Joshua Mikel, Molly Carden, Harrison Russell, Robert Germar, Matt Einhorn, Kelvin Witherspoon, Anny Jules, Chad Gall, Danielle DeBrock, Phong Giang, Mackensi Emory, Alexander Roberts, Chris Heeder",Jake Schreier,"Harry Yoon, Angela M. Catanzaro",https://image.tmdb.org/t/p/original//m9EtP1Yrzv6v7dMaC9mRaGhd1um.jpg
Conjuring the Cult,2024-10-01,"After discovering his blood-soaked daughter dead in the bathtub, David Bryson attends a self-help group to help save him from his ghostly nightmares. But when a group of mysterious cult-like women offer to help him resurrect his daughter. David's choices will not just decide his fate... but the fate of his dead daughter's SOUL.",230.1112,4.2,15,,93,"Neil Green, Elissa Dowling, Chynna Rae Shurts, BJ Mezek, Jason Brooks, Brad Littlefield, Naomi Mechem-Miller, Michelle Colman Padron, Daisia Parker, Marieka Prom",Calvin Morie McCarthy,,https://image.tmdb.org/t/p/original//t4MiAeYpjL7saYvqvcn9xtOfA4K.jpg
Final Destination Bloodlines,2025-05-09,"Plagued by a violent recurring nightmare, college student Stefanie heads home to track down the one person who might be able to break the cycle and save her family from the grisly demise that inevitably awaits them all.",241.8773,7.2,83,"sequel, premonition, fate, death, near-death experience, shocking, cheating death, supernatural horror, horror, teen scream",110,"Kaitlyn Santa Juana, Teo Briones, Rya Kihlstedt, Richard Harmon, Owen Patrick Joyner, Anna Lore, Alex Zahara, April Telek, Andrew Tinpo Lee, Tony Todd, Brec Bassinger, Gabrielle Rose, Max Lloyd-Jones, Brenna Llewellyn, Jayden Oniah, Mark Brandon, Yvette Ferguson, Travis Turner, Noah Bromley, Janelle Beadall, Panou, Jeanie Cloutier, Matty Finochio, Sophia Chapdelaine","Zach Lipovsky, Adam B. Stein",Sabrina Pitre,https://image.tmdb.org/t/p/original//cAoktVUBhGyULRoxV6mZ2LB3x7I.jpg
Exterritorial,2025-04-29,"When her son vanishes inside a US consulate, ex-special forces soldier Sara does everything in her power to find him — and uncovers a dark conspiracy.",219.8233,6.575,321,"frankfurt am main, germany, conspiracy, missing child, consulate, arrogant",109,"Jeanne Goursaud, Dougray Scott, Lera Abova, Emanuel Fellmer, Annabelle Mandeng, Kayode Akinyemi, Nina Liu, Susanne Michel, Kris Saddler, Anon Mall, Samia Hofmann, Jeremy Schuetze, Michael Rogers, Lara Babalola, Samuel Tehrani, Melissa Holroyd, Thomas Perkins, Rickson Guy da Silva, Tayo Schaffrath, Rada Rae, Julius Nitschkoff, Godfrey Egbon, Dennis Grzesczak, Simon Grzesczak, Ugur Kaya, Ivan Forlani, Simona Stefanova, Paul Wilk",Christian Zübert,,https://image.tmdb.org/t/p/original//jM2uqCZNKbiyStyzXOERpMqAbdx.jpg
Captain America: Brave New World,2025-02-12,"After meeting with newly elected U.S. President Thaddeus Ross, Sam finds himself in the middle of an international incident. He must discover the reason behind a nefarious global plot before the true mastermind has the entire world seeing red.",167.7725,6.12,1835,"hero, superhero, revenge, aftercreditsstinger, marvel cinematic universe (mcu), sidekick, assassination attempt, political thriller, treaty, international relations, casual",119,"Anthony Mackie, Harrison Ford, Danny Ramirez, Shira Haas, Tim Blake Nelson, Carl Lumbly, Giancarlo Esposito, Liv Tyler, Xosha Roquemore, Jóhannes Haukur Jóhannesson, William Mark McCullough, Takehiro Hira, Harsh Nayyar, Rick Espaillat, Todd Allen Durkin, Dustin Lewis, Rachael Markarian, Phuong Kubacki, Alan Boell, Ava Hill, Marissa Chanel Hampton, Katerina Eichenberger, Mark Pettit, John Mark Bowman, Katina Rankin, John Cihangir, Eric Mbanda, Koji Nishiyama, David Atkinson, John N. Dixon, Josh Robin, Sharon Tazewell, Pete Burris, Diesel Madkins, Matthew Cornwell, Sandra Aparicio, Ricky Robles Cruz, Erika Keck, Hector Banos, Bill Stinchcomb, Gabriela Amarchand, Ariana Lugo, Ben Vazquez, Cris Ruiz, Jacqueline Loucks, Jarrett Michael Collins, Yaz Takahashi, Tomoko Karina, Robert Tretsch, Travis Powers, Will A. Holland, Chealon Miller, Trevor Feinstein, Sebastian Stan",Julius Onah,"Matthew Schmidt, Madeleine Gavin",https://image.tmdb.org/t/p/original//pzIddUEMWhWzfvLI3TwxUG2wGoi.jpg
Bad Influence,2025-01-24,An ex-con gets a fresh start when hired to protect a wealthy heiress from a stalker — but their chemistry is hard to resist as they grow closer.,165.0978,5.495,93,"based on novel or book, orphan, rich girl, romantic thriller, romantic drama, amused",106,"Alberto Olmo, Eléa Rochera, Enrique Arce, Mirela Balić, Farid Bechara, Sara Ariño, Fer Fraga, Mar Isern, Selam Ortega, Clara Chaín, María José Mariscal, Arnaud Préchac",Chloé Wallace,Mario Maroto,https://image.tmdb.org/t/p/original//ghhooCOqQDqC6vhS1SVN2tCE0k8.jpg
Stream,2024-02-06,"Craven, a streamer with thousands of followers on a live streaming platform, has prepared a very special stream for Halloween. What no one expects when reacting to a video of Pentagram, a group of young paranormal investigators, is that the live experience will turn into the worst night of their lives. And maybe... the last.",157.9676,6.625,12,found footage,84,"Rodrigo Prieto, Cris Gallego, Miki Cidoncha, Jesus Ruiz, Mar P. Soler, David Para, Iria Orejudo",Sergio Pereda,"Carlos Cañas Carreira, Ángela Delgado",https://image.tmdb.org/t/p/original//nnyjtBfUYA8ASHA9OhADrX0sMNQ.jpg
Rust,2025-05-01,"Infamous outlaw Harland Rust breaks his estranged grandson Lucas out of prison, after Lucas is convicted to hang for an accidental murder. The two must outrun legendary U.S Marshal Wood Helm and bounty hunter Fenton ""Preacher"" Lang who are hot on their tails. Deeply buried secrets rise from the ashes and an unexpected familial bond begins to form as the mismatched duo tries to survive the merciless American Frontier.",150.756,6.4,46,western,0,"Alec Baldwin, Josh Hopkins, Patrick Scott McDermott, Travis Fimmel, Frances Fisher, Rhys Coiro, Devon Werkheiser, Xander Berkeley, Jake Busey, Abraham Benrubi, Travis Hammer, Aria Alpert Adjani, Sean J. Dillingham, Todd Bryant, Luce Rains, Bryant Carroll, Roberto Portales, Meadow Williams",Joel Souza,David Andalman,https://image.tmdb.org/t/p/original//tbJ3RkA2s6X5qrBzrYHYTxvDBui.jpg
Bambi: A Life in the Woods,2024-10-16,"The life of Bambi, a male roe deer, from his birth through childhood, the loss of his mother, the finding of a mate, the lessons he learns from his father, and the experience he gains about the dangers posed by human hunters in the forest.",182.1764,6.167,12,,77,"Mylène Farmer, Senta Berger, Arja Koriseva",Michel Fessler,,https://image.tmdb.org/t/p/original//vWNVHtwOhcoOEUSrY1iHRGbgH8O.jpg
In the Lost Lands,2025-02-27,"A queen sends the powerful and feared sorceress Gray Alys to the ghostly wilderness of the Lost Lands in search of a magical power, where she and her guide, the drifter Boyce, must outwit and outfight both man and demon.",150.7935,6.345,362,"witch, dystopia, sorcery, betrayal, based on short story, sorceress, high fantasy, survival adventure",102,"Milla Jovovich, Dave Bautista, Arly Jover, Amara Okereke, Fraser James, Deirdre Mullins, Sebastian Stankiewicz, Tue Lunding, Jacek Dzisiewicz, Ian Hanmore, Eveline Hall, Kamila Klamut, Caoilinn Springall, Jan Kowalewski, Pawel Wysocki, Simon Lööf, Tomasz Cymerman",Paul W. S. Anderson,Niven Howie,https://image.tmdb.org/t/p/original//dDlfjR7gllmr8HTeN6rfrYhTdwX.jpg
Havoc,2025-04-25,"When a drug heist swerves lethally out of control, a jaded cop fights his way through a corrupt city's criminal underworld to save a politician's son.",123.9966,6.526,613,"winter, detective, rescue mission, shootout, dirty cop, criminal underworld, crooked politician, estranged son, aggressive, insecure, christmas, grim, drug deal, dreary, night club, brutal violence",107,"Tom Hardy, Jessie Mei Li, Timothy Olyphant, Forest Whitaker, Justin Cornwell, Quelin Sepulveda, Luis Guzmán, Sunny Pang, Yeo Yann Yann, Michelle Waterson-Gomez, Jim Caesar, Xelia Mendes-Jones, Lockhart Ogilvie, Richard Harrington, Serhat Metin, Gordon Alexander, John Cummins, Megan Lockhurst, Jade Ogugua, Jack Morris, Gareth Tidball, Narges Rashidi, Astrid Fox-Sahan, Alan Leong, Jeremy Ang Jones, Aaron Ly, Jennifer Armour, Clarence Smith, Albert Tang, Tom Wu, Jill Winternitz, Stacy Sobieski, Odimegwu Okoye, Sharon D. Clarke, Jon-Scott Clark, Kage Jakubiec, Samya De Meo, Adam Bendall, Arun Kapur, Atul Sharma, Bailey Cameron, Christopher Ashman, Christopher Maleki, Dan Brothers, Daniel Joseph Woolf, Darryl Bradford, David Cheung, Emma Kaler, Eric Sirakian, Erol Mehmet, George Gjiggy Francis, Joe David Walters, Matthew Lee, Maurizio Posteraro, Mikey Fantham, Nicole Joseph, Oliver Harnett, Patrick Loh, Pino Maiello, Richard Chan, Richard Pepper, Rui Shang, Sam Byrne, Timothy Hornor, Volenté Lloyd",Gareth Evans,"Sara Jones, Matt Platts-Mills",https://image.tmdb.org/t/p/original//r46leE6PSzLR3pnVzaxx5Q30yUF.jpg
Death of a Unicorn,2025-03-27,"A father and daughter accidentally hit and kill a unicorn while en route to a weekend retreat, where his billionaire boss seeks to exploit the creature’s miraculous curative properties.",122.8204,6.5,199,"dark comedy, blunt, psychotic, macabre, unicorn, nostalgic, dark fantasy, curious, mysterious, horror comedy, satirical, wonder, anxious, father daughter estrangement, dramatic, suspenseful, critical, witty, hilarious, whimsical, ambiguous, antagonistic, awestruck, baffled, bewildered, enchant, horrified, ridiculous",107,"Jenna Ortega, Paul Rudd, Will Poulter, Richard E. Grant, Téa Leoni, Sunita Mani, Steve Park, Anthony Carrigan, Jessica Hynes, David Pasquesi, Denise Delgado, Kathryn Erbe, Nicholas Wittman, Max Draskoczi, Narantsogt Tsogtsaikhan, Christine Grace Szarkó, Tasha Lawrence",Alex Scharfman,Ron Dulin,https://image.tmdb.org/t/p/original//lXR32JepFwD1UHkplWqtBP1K79z.jpg
Karate Kid: Legends,2025-05-08,"After a family tragedy, kung fu prodigy Li Fong is uprooted from his home in Beijing and forced to move to New York City with his mother. When a new friend needs his help, Li enters a karate competition – but his skills alone aren't enough. Li's kung fu teacher Mr. Han enlists original Karate Kid Daniel LaRusso for help, and Li learns a new way to fight, merging their two styles into one for the ultimate martial arts showdown.",119.6798,7.32,25,"new york city, martial arts, kung fu, mentor, karate, beijing, china, martial arts tournament, martial arts training, moving to another country",94,"Ben Wang, Jackie Chan, Ralph Macchio, Joshua Jackson, Sadie Stanley, Ming-Na Wen, Aramis Knight, Wyatt Oleff, Shaunette Renée Wilson, David Robitaille, William Zabka, Pat Morita",Jonathan Entwistle,Dana E. Glauberman,https://image.tmdb.org/t/p/original//ckI6bmQDvvGy20FPTIW1kfGKGRK.jpg
Sinners,2025-04-16,"Trying to leave their troubled lives behind, twin brothers return to their hometown to start again, only to discover that an even greater evil is waiting to welcome them back.",114.5808,7.579,693,"chicago, illinois, capitalism, ku klux klan, musician, immortality, vampire, surrealism, sin, alcoholism, vampire hunter (slayer), church, twins, estranged wife, dual role, cousin relationship, death of daughter, blues music, aftercreditsstinger, duringcreditsstinger, klansmen, 1990s, 1930s, salvation, assimilation, chinese immigrant, brother brother relationship, southern gothic, afro-descendants, cousins, supernatural horror, train station, juke joint, passing for white, mississippi, horror, kkk, period horror",138,"Michael B. Jordan, Miles Caton, Hailee Steinfeld, Wunmi Mosaku, Jack O'Connell, Delroy Lindo, Omar Benson Miller, Jayme Lawson, Li Jun Li, Yao, Lola Kirke, Peter Dreimanis, Buddy Guy, Saul Williams, Andrene Ward-Hammond, Tenaj L. Jackson, David Maldonado, Aadyn Encalarde, Helena Hu, Sam Malone, Ja'Quan Monroe-Henderson, Percy Bell, Emonie Ellison, Kai Thompson, Nathaniel Arcand, Mark L. Patrick, Gralen Bryant Banks, Nicoye Banks, Christian Robinson, Justin William Davis, Deneen Tyler, Michael A. Newcomer, Theodus Crane",Ryan Coogler,Michael P. Shawver,https://image.tmdb.org/t/p/original//jYfMTSiFFK7ffbY2lay4zyvTkEk.jpg
The Accountant,2016-10-13,"As a math savant uncooks the books for a new client, the Treasury Department closes in on his activities and the body count starts to rise.",94.1574,7.109,6538,"prison, sniper, assassin, autism, military service, money, treasury department, sniper rifle, gunfight, loner, hand to hand combat, numbers, accountant, math genius, brother brother relationship",128,"Ben Affleck, Cynthia Addai-Robinson, Anna Kendrick, J.K. Simmons, Jon Bernthal, John Lithgow, Jeffrey Tambor, Jean Smart, Andy Umberger, Alison Wright, Jason Davis, Robert C. Treveiler, Mary Kraft, Seth Lee, Jake Presley, Izzy Fenech, Susan Williams, Gary Basaraba, Fernando Chien, Alex Collins, Tait Fletcher, Curtis Lyons, Buster Reeves, Ron Yuan, Sheila Maddox, Malachi Malik, Gregory Alan Williams, Kelly Collins Lintz, Jason MacDonald, Victor McCay, Michael Beasley, Viviana Chavez, Greg Sproles, Alex Huynh, Jade Halley Bartlett, Joe Hardy Jr., Carrie Walrond Hood, Roman Spink, David Anthony Buglione, Nick Arapoglou, Angela Davis, Johnny Giacalone, Richard Pearson, Eric Goins, David de Vries, Randall Taylor, Scott Poythress, Nicholas Martin, Samantha Janco, Joseph Levine, Christian Mendoza, Zachary James Rukavina, Robert T. McKnight II, Angel Giuffria, Robert Kistenberg, Robert Hatch, Daeg Faerch, Inder Kumar, Dennis Keiffer, Scott Hunter, Ron Prather",Gavin O'Connor,Richard Pearson,https://image.tmdb.org/t/p/original//fceheXB5fC4WrLVuWJ6OZv9FXYr.jpg
Saint Catherine,2024-09-24,An orphaned girl is rescued from a satanic ritual and taken to Saint Catherine Institute for homeless youth. There she will learn new skills while facing demons that stalk her.,103.9867,6.483,30,,86,"Raymond E. Lee, Pachi Lucas, Julia Kraiselburd, Emilia Mayo, Adriana Torrebejano",Gonzalo Mellid,,https://image.tmdb.org/t/p/original//hBJdzKPeDaC96AzlrtMWBomYSZV.jpg
Jewel Thief: The Heist Begins,2025-04-25,"In this high-octane battle of wits and wills, ingenious con artist Rehan devises a diamond heist while trying to outsmart Rajan, his sadistic adversary.",104.1872,6.78,41,"bollywood, audacious",118,"Saif Ali Khan, Jaideep Ahlawat, Nikita Dutta, Kunal Kapoor, Kulbhushan Kharbanda, Gagan Arora, Dorendra Singh Loitongbam, Peter Muxka Manuel, Ayaz Khan, Sumit Gulati, Shaji Choudhary, Priya Sharma, Payal Nair, Vinay Sharma, Chirjyot Singh, Meenal Sahu, Animecx","Robby Grewal, Kookie Gulati",Aarif Sheikh,https://image.tmdb.org/t/p/original//eujLbO0kf1eqWC8XpHUJdtAVW2J.jpg
Laila,2025-02-14,"Sonu Model, a renowned beautician from the old city, is forced to disguise himself as Laila, leading to a series of comedic, romantic, and action-packed events. Chaos ensues in this hilarious laugh riot",107.1266,5.0,3,,134,"Vishwak Sen, Akanksha Sharma, Babloo Prithiveeraj, Abhimanyu Singh, Vineet Kumar, Kamakshi Bhaskarla, Surabhi Prabhavathi, Ravi Mariya, Prudhviraj, Sunisith, Sunaina Badam",Ram Narayan,Sagar Dadi,https://image.tmdb.org/t/p/original//l4gsNxFPGpzbq0D6QK1a8vO1lBz.jpg
The Monkey,2025-02-14,"When twin brothers find a mysterious wind-up monkey, a series of outrageous deaths tear their family apart. Twenty-five years later, the monkey begins a new killing spree forcing the estranged brothers to confront the cursed toy.",100.7881,5.912,607,"sibling relationship, shotgun, supernatural, drums, harpoon, dark comedy, gore, twin brother, maine, accidental death, wasp, monkey, exploding body, death, evil, evil twin, based on short story, dual role, cursed, 1990s, horror comedy, father son relationship, mother son relationship, brother brother relationship, toy monkey, supernatural horror, toy, cursed object, horror, disgusted, japanese restaurant, father son estrangement",97,"Theo James, Tatiana Maslany, Christian Convery, Colin O'Brien, Adam Scott, Elijah Wood, Rohan Campbell, Sarah Levy, Osgood Perkins, Nicco Del Rio, Zia Newton, Kingston Chan, Laura Mennell, Corin Clark, Tess Degenstein, Beatrix Perkins, Danica Dreyer, Dianne Greenwood, Shafin Karim, Lumen Beltran, Janet Kidder, Paul Puzzella, Jeremy Cox, Jason Burkart, Katie Stuart, Michael Anthony Samosa, Trey Helten, Eve Exner, Danny Virtue, Joyce Robbins, Jacqueline Robbins, Tina Pi, Doralynn Mui, Scott Nicholson",Osgood Perkins,"Graham Fortin, Greg Ng",https://image.tmdb.org/t/p/original//yYa8Onk9ow7ukcnfp2QWVvjWYel.jpg
Mission: Impossible - The Final Reckoning,2025-05-17,"Ethan Hunt and the IMF team continue their search for the terrifying AI known as the Entity — which has infiltrated intelligence networks all over the globe — with the world's governments and a mysterious ghost from Ethan's past on their trail. Joined by new allies and armed with the means to shut the Entity down for good, Hunt is in a race against time to prevent the world as we know it from changing forever.",101.183,8.833,6,"artificial intelligence (a.i.), submarine, espionage, spy, secret agent, stunt, sequel, based on tv series, spy action",170,"Tom Cruise, Hayley Atwell, Ving Rhames, Simon Pegg, Esai Morales, Pom Klementieff, Henry Czerny, Mariela Garriga, Holt McCallany, Janet McTeer, Nick Offerman, Hannah Waddingham, Tramell Tillman, Shea Whigham, Greg Tarzan Davis, Charles Parnell, Mark Gatiss, Rolf Saxon, Lucy Tulugarjuk, Angela Bassett, Marcin Dorociński, Katy O'Brian, Stephen Oyoung, Gabriella Piazza, Austin Haynes, Noah Leggott",Christopher McQuarrie,Eddie Hamilton,https://image.tmdb.org/t/p/original//z53D72EAOxGRqdr7KXXWp9dJiDe.jpg
Moana 2,2024-11-21,"After receiving an unexpected call from her wayfinding ancestors, Moana journeys alongside Maui and a new crew to the far seas of Oceania and into dangerous, long-lost waters for an adventure unlike anything she's ever faced.",105.8162,7.081,2353,"sea, ocean, villain, musical, sequel, duringcreditsstinger",100,"Auliʻi Cravalho, Dwayne Johnson, Hualālai Chung, Rose Matafeo, David Fane, Awhimai Fraser, Khaleesi Lambert-Tsuda, Temuera Morrison, Nicole Scherzinger, Rachel House, Gerald Ramsey, Alan Tudyk, Jemaine Clement, Tofiga Fepulea'i, Jasmine Johnson, Tiana Johnson, Ata Maivia Johnson, Bryson Chun, Noemi Josefina Flores, Setarosa Tuitasi-Ledoux, Bentley Pupuhi-Fernandez","David G. Derrick Jr., Jason Hand, Dana Ledoux Miller",,https://image.tmdb.org/t/p/original//aLVkiINlIeCkcZIzb7XHzPYgO6L.jpg
Nonnas,2025-05-01,"After losing his beloved mother, a man risks everything to honor her by opening an Italian restaurant with actual nonnas — grandmothers — as the chefs.",86.6026,6.82,103,"restaurant, revitalization, based on true story, second chance, brooklyn, new york city, death of mother",114,"Vince Vaughn, Lorraine Bracco, Talia Shire, Susan Sarandon, Linda Cardellini, Brenda Vaccaro, Drea de Matteo, Joe Manganiello, Campbell Scott, Richie Moriarty, Geoffrey Owens, Will Fitz, Craig 'Radio Man' Castaldo, Quincy Dunn-Baker, Kate Eastman, Tom Johnson, Jimmy Smagula, Tammy Pescatelli, Jamie Eddy, Maureen Mountcastle, Dana de Celis, Karen Giordano, Robert John Gallagher, Marcos A. Gonzalez, Jack Casey, Victor Kozlowski, Liz Weinstein, Theodore Helm, Adam Ferrara, Dee Roscioli, Ali Lopez-Sohaili, Vladimir Caamaño, Taylor Selé, Michael Rispoli, Karen Murphy, Eden Marryshow, Geoffrey Owens, Maureen Mountcastle, Maccie Margaret Chbosky, Dana de Celis, Tina Chilip, Erin Wilhelmi, Richard Piti, Judi Beecher, Davide Borella, Fulvio Della Volta, Gabe Fazio, Dann Fink, Daphne Gaines, Antoinette LaVecchia, Jim Pirri, Salvatore Ameruoso, Vincenzo Ameruoso, Craig 'Radio Man' Castaldo, Robert John Gallagher, Marcos A. Gonzalez, Tom Johnson, Michelle Santiago, Liz Weinstein",Stephen Chbosky,Anne McCabe,https://image.tmdb.org/t/p/original//5Bf1xlxLuCHdi74MpdFi2Yz3FGJ.jpg
Van Gogh by Vincent,2025-03-26,"In a career that lasted only ten years, Vincent Van Gogh painted one subject more than any other: himself. This is the story of Vincent told using eight of his most iconic self-portraits.",83.9778,6.4,14,,46,"Zahra Ahmadi, Jack Etchells, Adam Woolley, Frances Christie, Neil Lebeter, Curtis Holder, Ruth Millington",Richard Shaw,,https://image.tmdb.org/t/p/original//z73X4WKZghBh5fri31o8P6vBEB2.jpg
Mufasa: The Lion King,2024-12-18,"Mufasa, a cub lost and alone, meets a sympathetic lion named Taka, the heir to a royal bloodline. The chance meeting sets in motion an expansive journey of a group of misfits searching for their destiny.",80.515,7.4,2094,"friendship, paradise, lion, musical, prequel, jungle, told in flashback, betrayal by friend, chance meeting, live action remake, found family, lost",118,"Aaron Pierre, Kelvin Harrison, Jr., Tiffany Boone, Kagiso Lediga, Preston Nyman, Blue Ivy Carter, John Kani, Mads Mikkelsen, Seth Rogen, Billy Eichner, Thandiwe Newton, Lennie James, Anika Noni Rose, Keith David, Braelyn Rankins, Theo Somolu, Beyoncé, Donald Glover, Folake Olowofoyeku, Joanna Jones, Thuso Mbedu, Sheila Atim, Abdul Salis, Dominique Jennings, Derrick L. McMillon, Maestro Harrell, AJ Beckles, David S. Lee, Brielle Rankins",Barry Jenkins,Joi McMillon,https://image.tmdb.org/t/p/original//lurEK87kukWNaHd0zYnsi3yzJrs.jpg
Desert Dawn,2025-05-15,A newly appointed small-town sheriff and his begrudging deputy get tangled up in a web of lies and corruption involving shady businessmen and the cartel while investigating the murder of a mysterious woman.,75.959,9.0,3,,89,"Kellan Lutz, Cam Gigandet, Chad Michael Collins, Texas Battle, Mike Ferguson, Michael-John Wolfe, Niko Foster, Helena Haro, Guillermo Iván, William Christopher Watson, Chris Maher, Verónica Montes, Jeremy Chavez, Ryan Alshon, Cameron Lee Price, Danielle E. Hawkins, Michelle Wang, Peter Nikkos, Julie Garcia-Briceno, Cheryl Daro, Steve Delgado, Rene Reyes, Koby Azarly, Sara Rose, John Terrell, Delaney Willet, Jacqueline Cabrera, Deonte Finch, Easton Schirra",Marty Murray,,https://image.tmdb.org/t/p/original//S21BfLrJSD9njucBfY3CKqp8rD.jpg
Sonic the Hedgehog 3,2024-12-19,"Sonic, Knuckles, and Tails reunite against a powerful new adversary, Shadow, a mysterious villain with powers unlike anything they have faced before. With their abilities outmatched in every way, Team Sonic must seek out an unlikely alliance in hopes of stopping Shadow and protecting the planet.",74.2131,7.721,2542,"moon, sequel, based on video game, psychotic, dual role, aftercreditsstinger, duringcreditsstinger, hedgehog, live action and animation, grandfather grandson relationship, animal human friendship, anthropomorphic animal, loss and grief, cliché, complicated, sceptical",110,"Jim Carrey, Ben Schwartz, Keanu Reeves, Idris Elba, Colleen O'Shaughnessey, James Marsden, Tika Sumpter, Lee Majdoub, Krysten Ritter, Adam Pally, Natasha Rothwell, Shemar Moore, Alyla Browne, Tom Butler, Jorma Taccone, Sofia Pernas, Cristo Fernández, James Wolk, Brett Tutor, Richard Sutton, Will Austin, Bola Okun, Reggie Banigo, Barry Calvert, Brendan Murphy, Toru Nakahara, Brian Murphy",Jeff Fowler,Al LeVine,https://image.tmdb.org/t/p/original//d8Ryb8AunYAuycVKDp5HpdWPKgC.jpg
Conclave,2024-10-25,"After the unexpected death of the Pope, Cardinal Lawrence is tasked with managing the covert and ancient ritual of electing a new one. Sequestered in the Vatican with the Catholic Church’s most powerful leaders until the process is complete, Lawrence finds himself at the center of a conspiracy that could lead to its downfall.",63.6955,7.195,2448,"vatican (holy see), pope, religion, election, roman catholic church, catholicism, questioning, cardinal, papal conclave, intimate, catholic monarchs, conceited",120,"Ralph Fiennes, Stanley Tucci, John Lithgow, Isabella Rossellini, Lucian Msamati, Carlos Diehz, Sergio Castellitto, Brían F. O'Byrne, Merab Ninidze, Thomas Loibl, Jacek Koman, Bruno Novelli, Rony Kramer, Valerio Da Silva, Joseph Mydell, Vincenzo Failla, Garrick Hagon, Madhav Sharma, Loris Loddi, Roberto Citran, Antonio Toma, Balkissa Souley Maiga, Romuald Kłos, Willie Jonah",Edward Berger,Nick Emerson,https://image.tmdb.org/t/p/original//l4WXg5oQPK6GVlISKQNIUGb8rKJ.jpg
The Siege,2023-03-10,"International assassin Walker is compromised during a mission and sent to a reassignment center for a new identity. During his stay at the facility, a ruthless assault team storms the compound searching for someone their boss has lost. Walker begrudgingly falls in with skilled hitwoman Elda and her mysterious ward Juliet in order to survive the night.",67.8638,5.378,49,,97,"Daniel Stisen, Lauren Okadigbo, Yennis Cheung, Byron Gibson, Steven Blades, Samantha Schnitzler, Michael Billington, Michael Geary, Phillip Ray Tommy, Ali Gadema, Mark Epstein, Megan Lockhurst, Christine Mackie",Brad Watson,Brad Watson,https://image.tmdb.org/t/p/original//hVh4hMzkXNLnScudbid6hDvjMPk.jpg
Bullet Train Explosion,2025-04-23,"When panic erupts on a Tokyo-bound bullet train that will explode if it slows below 100 kph, authorities race against time to save everyone on board.",67.7344,6.883,167,"japan, police, bomb, remake, train, criminal, reboot, based on movie, frantic, high speed, didactic, gloomy, shinkansen",137,"Tsuyoshi Kusanagi, Machiko Ono, Jun Kaname, Non, Kanata Hosoda, Daisuke Kuroda, Satoru Matsuo, Suzuka Ohgo, Hana Toyoshima, Takumi Saitoh, Matsuya Onoe, Naomasa Musaka, Pierre Taki, Bando Yajuro, Nishino Emi, Yuno Ohara, Tatsuya Mori, Kentaro Tamura, Kenji Iwaya, Shota Taniguchi, Yasumasa Oba, Hiroko Yashiki, Hinano Nakayama, Yusaku Mori, Masatoshi Kihara, Suzuyuki Kaneko, Emi Satsuki, Ryûki Kitaoka, Risa Sakata",Shinji Higuchi,"Kaori Umewaki, Atsuki Sato",https://image.tmdb.org/t/p/original//jmzxlDBwgvRbpPJzNQwizyn9UEn.jpg
Karol G: Tomorrow Was Beautiful,2025-04-30,"Karol G pulls back the curtain on her rise to stardom while navigating a sold-out stadium tour, creating new music and releasing a new album.",53.2309,8.02,75,,108,"KAROL G, Shakira, Ovy on the Drums, Becky G, Feid",Cristina Costantini,,https://image.tmdb.org/t/p/original//5aXoQYwaQ7JJVUWclHAEXJgiS2M.jpg
Novocaine,2025-03-12,"When the girl of his dreams is kidnapped, everyman Nate turns his inability to feel pain into an unexpected strength in his fight to get her back.",68.0485,6.908,737,"pain, dark comedy, bank robbery, held hostage, aggressive, frantic, comedy thriller, comedy, action, amused, joyful, super hero, one-person film, car chase",110,"Jack Quaid, Amber Midthunder, Ray Nicholson, Jacob Batalon, Betty Gabriel, Matt Walsh, Conrad Kemp, Evan Hengst, Craig Jackson, Lou Beatty Jr., Garth Collins, Tristan de Beer, Jessica Stanley, Chioma Antoinette Umeala, Margot Wood, Dylan Skews, Keeno Lee Hector, Maria Vos, Dominique Maher, DeVille Vannik, Lance Elliot, Motsi Tekateka, Toni Jean Erasmus, Steve Larter, Sage Van Niekerk, Drew Simon","Dan Berk, Robert Olsen",Christian Wagner,https://image.tmdb.org/t/p/original//xmMHGz9dVRaMY6rRAlEX4W0Wdhm.jpg
Wonder Woman 1984,2020-12-16,A botched store robbery places Wonder Woman in a global battle against a powerful and mysterious ancient force that puts her powers in jeopardy.,53.0714,6.411,8613,"superhero, based on comic, woman director, 1980s, action hero, dc extended universe (dceu)",151,"Gal Gadot, Chris Pine, Kristen Wiig, Pedro Pascal, Robin Wright, Connie Nielsen, Lilly Aspell, Amr Waked, Kristoffer Polaha, Natasha Rothwell, Ravi Patel, Oliver Cotton, Lucian Perez, Gabriella Wilde, Kelvin Yu, Stuart Milligan, Shane Attwooll, David Al-Fahmi, Kevin Wallace, Wai Wong, Doutzen Kroes, Hari James, Betty Adewole, Camilla Roholm, Jessie Graff, Brontë Lavine, Briony Scarlett, Jade Johnson, Miranda Chambers, Moe Sasegbon, Gwendolyn Osborne-Smith, Hayley Warnes, Lyon Beckwith, Ryan Watson, Jimmy Burke, Brandon Thane Wilson, Oakley Bull, Andy Riddle, Rey Rey Terry, Tina Edwards, Bill Debrason, Rick Kain, Vickie Warehime, Mike D. Anderson, Christopher Crutchfield Walker, Gina Grinkemeyer, Cassandra Newman, Valerie Leonard, Susan Smythe, Bob Cusack, John Bucy, Patrick Gover, Tracy Tobin, Mitch Holson, Ashley Gladden, Spencer Trinwith, Parker Damm, Caroline Coleman, Summer Snead, Tori Beverly, Raquel Merediz, Vince Eisenson, Asim Chaudhry, Danny Morgan, Tessa Bonham Jones, Philip Philmar, Mensah Bediako, Russell Barnett, Peter Brooke, Jarren Dalmeda, Jasmine Clark, Jonathan Ajayi, Tomos Vaughan-Williams, Avi Rothman, Belinda Mayne, Orlando James, Bruce McKinnon, Ed Birch, Aykut Hilmi, Zaydun Khalaf, Nerea Palacios, Altahay Ramos Martín, Joanne Henry, Patrick Lyster, Sam Sheridan, Paul Boyd, Vincent Jerome, Akie Kotabe, Kenneth Jay, Jasmine Hyde, Paul McQuaid, Gabriel Constantin, Alex Delescu, Mish Boyko, Constantine Gregory, Michael Poole, Joe Palka, Jean H. Miller, Mike Sengelow, Paul Connaughton, Wendy Albiston, Rhonda Overby, Lambro Demetriou, Jonny Barry, Luis Torrecilla, Sarah Barlondo, Matt Costello, Evan Bittner, Archie L. Harris Jr., Stephanie Waters, Thomas Clay Strickland, Chi-Lin Nim, Michael Kaurene, Michael Gabel, Orlando Gonzalez, Dan De Luca, Ahmed Hussien, Tony Zarouel, Naithan Ariane, Joel Morris, Michael Salami, Kosha Engler, Asa Sheridan, Alma Varsano, Maya Varsano, Jaron Varsano, Tilly Winford, Victoria Broom, Hamza Siddique, Colin Stinton, Andy Cheung, Katharine Pickering, Karis McCabe, Saskia Neville, Jenny Pacey, Mikayla-Jade Barber, Candice Carbine, Donna Forbes, Chantal Nell, Lynda Carter, Maggie Lovitt, Chad Tyler, Lucas N. Hall, Mimi Michaela Konoza, Brittney Aleah",Patty Jenkins,Richard Pearson,https://image.tmdb.org/t/p/original//8UlWHLMpgZm9bx6QYh0NFoq67TZ.jpg
G20,2025-04-10,"After the G20 Summit is overtaken by terrorists, President Danielle Sutton must bring all her statecraft and military experience to defend her family and her fellow leaders.",62.4264,6.561,479,"terrorist attack, political thriller, unassuming, inspirational, provocative, direct, suspenseful, critical, intense, dignified, empathetic, excited, farcical, powerful",108,"Viola Davis, Anthony Anderson, Marsai Martin, Ramón Rodríguez, Antony Starr, Douglas Hodge, Elizabeth Marvel, Sabrina Impacciatore, Clark Gregg, Christopher Farrar, John Hoogenakker, Ali Suliman, Angela Sarafyan, MeeWha Alana Lee, Conrad Kemp, Joseph Steven Yang, Emmanuel Castis, David James, Julius Tennon, Theo Bongani Ndyalvane, Noxolo Dlamini, Gideon Emery, Stephen Jennings, Caitlin Mehner, Heike Brunner, Colin Moss, Jacques Theron, Anthony C. Hyde, Riaz Solker, Tshamano Sebe, José Domingos, Jandre le Roux, Adrian Collins, Tendaiishe Chitima, Robert Hobbs, Alexander Maniatis, Terence Bridgett, Carolyn Forword, Dominique Maher, Genna Galloway, Murray Todd, Shane John Kruger, Milton Schorr, Francis Chouler, Lance Elliot, Bianca Simone Mannie, Jean de la Querra, Bjorn de Klerk, Paul Hampshire, Kathleen Stephens, Chris van Rensburg, Shaleeni Ranchhod, Jason K. Ralph, Gregory Schwabe, Neels Clasen, Tarryn Steyn, Matt Newman, Sobantu Nqayi, Martin Munro, Loulou Taylor, Khalil Kathrada, Martin Kluge, Ndoni Khanyile, Kuen Hsin Liu, Paul Savage, Faniswa Yisa, Nelson De Gouveia, Tamer Burjaq, Andy Huang, Gavin Lee Gomes, Trevor Byrom, Clinton Kruger, Marc Harmse, Clyde Berning, Pieter Stemmet, Martin Van Geems",Patricia Riggen,"Doc Crotzer, Emma E. Hickox",https://image.tmdb.org/t/p/original//wv6oWAleCJZUk5htrGg413t3GCy.jpg
